{
    "model_type": "transformer",
    "checkpoint": "logs/experiment_small/transformer_20251124_225050/best_model.pt",
    "config": {
        "model_type": "transformer",
        "d_model": 64,
        "n_heads": 2,
        "n_layers": 2,
        "d_ff": 256,
        "dropout": 0.1,
        "temperature": 5.0,
        "temp_initial": 5.0,
        "temp_final": 0.1,
        "nchar": 3,
        "nmin": 1,
        "nmax": 10,
        "nepoch": 30,
        "nseq": 300,
        "lr": 0.001,
        "seed": 42,
        "log_dir": "logs/experiment_small"
    },
    "test_settings": {
        "nmin": 2,
        "nmax": 30,
        "ntest": 100,
        "seed": 10
    },
    "results": {
        "length": [
            2,
            3,
            4,
            5,
            6,
            7,
            8,
            9,
            10,
            11,
            12,
            13,
            14,
            15,
            16,
            17,
            18,
            19,
            20,
            21,
            22,
            23,
            24,
            25,
            26,
            27,
            28,
            29
        ],
        "accuracy": [
            0.8,
            0.32,
            0.21,
            0.12,
            0.08,
            0.04,
            0.03,
            0.0,
            0.01,
            0.0,
            0.0,
            0.0,
            0.0,
            0.0,
            0.0,
            0.0,
            0.0,
            0.0,
            0.0,
            0.0,
            0.0,
            0.0,
            0.0,
            0.0,
            0.0,
            0.0,
            0.0,
            0.0
        ],
        "perplexity": [
            2.0053100310864918,
            4.074451730598201,
            5.578519649461765,
            7.166514892767658,
            8.501151861029069,
            9.340650997873606,
            9.136565448886921,
            9.553430357207464,
            10.155485864615223,
            10.308345124906955,
            10.959998877824919,
            11.477748740439718,
            11.241408470050791,
            12.107870185353843,
            11.753157097127582,
            11.88107333501127,
            11.848281465690713,
            12.218571253622311,
            11.64730232562526,
            11.36895442365781,
            11.843059202979324,
            11.50343778270578,
            12.196103522722895,
            11.120249350986327,
            12.478959820794488,
            11.55806981367748,
            12.511130889718832,
            11.717132438872452
        ],
        "num_correct": [
            80,
            32,
            21,
            12,
            8,
            4,
            3,
            0,
            1,
            0,
            0,
            0,
            0,
            0,
            0,
            0,
            0,
            0,
            0,
            0,
            0,
            0,
            0,
            0,
            0,
            0,
            0,
            0
        ],
        "num_total": [
            100,
            100,
            100,
            100,
            100,
            100,
            100,
            100,
            100,
            100,
            100,
            100,
            100,
            100,
            100,
            100,
            100,
            100,
            100,
            100,
            100,
            100,
            100,
            100,
            100,
            100,
            100,
            100
        ]
    }
}